{
    "best_model": "LightGBM",
    "accuracy": 0.6844632944551862,
    "macro_f1": 0.6638986396723932,
    "classification_report": {
        "0": {
            "precision": 0.5715212455400583,
            "recall": 0.6246012052463665,
            "f1-score": 0.5968834688346883,
            "support": 2821.0
        },
        "1": {
            "precision": 0.7017346249155215,
            "recall": 0.6486880466472303,
            "f1-score": 0.6741694621794179,
            "support": 4802.0
        },
        "2": {
            "precision": 0.716367054400188,
            "recall": 0.7249702734839477,
            "f1-score": 0.7206429880030731,
            "support": 8410.0
        },
        "accuracy": 0.6844632944551862,
        "macro avg": {
            "precision": 0.6632076416185892,
            "recall": 0.6660865084591815,
            "f1-score": 0.6638986396723932,
            "support": 16033.0
        },
        "weighted avg": {
            "precision": 0.6864989727448649,
            "recall": 0.6844632944551862,
            "f1-score": 0.6849483909482982,
            "support": 16033.0
        }
    },
    "confusion_matrix": [
        [
            1762,
            55,
            1004
        ],
        [
            277,
            3115,
            1410
        ],
        [
            1044,
            1269,
            6097
        ]
    ]
}